feature_name,feature_importance
114_100,0.06522639495960667
310_121,0.058029438754861905
185_297,0.054974007340203496
114_99,0.04508789249528808
319_77,0.04201028410606353
132_98,0.033335140813645324
322_87,0.03163603228124703
323_86,0.029555864924116913
311_170,0.029447469483107825
131_466,0.028151950941000668
319_79,0.027104894060925387
200_175,0.025352448043250545
111_98,0.022828896902571907
200_174,0.022753982976191398
322_85,0.02239452948654912
113_98,0.02076203422072685
319_80,0.019464907536472186
320_90,0.018636129628361378
319_124,0.01862873967579578
317_90,0.017473708438746204
317_86,0.016686464885636666
317_210,0.01636956178227023
202_177,0.015062431600112685
110_98,0.015016472568560944
131_98,0.014936748547549585
203_175,0.014133036738745877
323_81,0.013983541032661202
56_174,0.013553634557254522
323_87,0.013085333978983956
127_41,0.012732100750520932
134_459,0.012498327953045252
56_172,0.01082021267164157
317_85,0.01038085441706193
316_87,0.01006457510636749
