feature_name,feature_importance
114_99,0.06409956780878245
185_297,0.062064518122264455
114_100,0.050221964075154245
310_121,0.047206244850493434
200_175,0.03956098314548306
319_77,0.03860101454754114
113_98,0.03145372021211551
323_86,0.028824367448148355
322_85,0.02828747188212812
111_98,0.025614993121983273
56_174,0.02490741406701277
319_80,0.0247270353595328
311_170,0.02451291111111004
131_466,0.02432955709826303
322_87,0.022224144615736026
319_124,0.021482084618870304
132_98,0.019762301067573415
317_210,0.01927762917786443
202_177,0.019000664691413045
135_98,0.018556018709488392
317_90,0.017815869739072912
200_174,0.01717738116799876
319_79,0.01555937622321089
323_87,0.015534948218687844
203_175,0.014366842995313822
278_172,0.014272772253041346
317_86,0.013554406204205094
185_357,0.013382823956859387
131_98,0.013036966449191363
110_98,0.011857748521323852
319_86,0.010872660707914865
320_81,0.010680911221931206
109_98,0.010588213260789483
317_119,0.010293443707629883
323_81,0.010141303302465165
